{"cameraMode":{"drawMode":0,"name":"Shaded","section":"Shading Mode"},"sceneLighting":true,"audioPlay":false,"sceneViewState":{"showFog":false,"showMaterialUpdate":false,"showSkybox":false,"showFlares":false,"showImageEffects":true,"showParticleSystems":true},"in2DMode":false,"pivot":{"x":23.481374740600587,"y":7.9047441482543949,"z":21.94158363342285},"rotation":{"x":-0.019968904554843904,"y":0.9793969988822937,"z":-0.12347829341888428,"w":-0.15912489593029023},"size":13.914961814880371,"orthographic":false}